{
  "train_rows": 135210,
  "test_rows": 9425,
  "train_word_ids": 4507,
  "test_word_ids": 1885,
  "participants_train": 30,
  "participants_test": 5,
  "texts_train": 9,
  "zero_rate_rows": 0.3062051623400636,
  "zero_rate_words": 0.0017750166407810074,
  "answer_mean": 264.440936321278,
  "answer_median": 200.0,
  "word_answer_mean": 264.440936321278,
  "word_answer_median": 242.4,
  "aux_corr_log": 0.6561139589650095,
  "aux_sources": 5,
  "pred_mean": 254.21562104433423,
  "pred_median": 249.01001502425316,
  "pred_std": 162.15999969035897,
  "pred_max": 1133.8543754852071,
  "word_cv_score": 87.18551349735145,
  "row_oof_score": 44.45877299225251,
  "row_oof_rmse": 256.6505498713878,
  "oof_pred_mean": 258.8715407246107,
  "oof_pred_std": 172.31834697432282
}